{"cameraMode":{"drawMode":0,"name":"Shaded","section":"Shading Mode"},"sceneLighting":true,"audioPlay":false,"sceneViewState":{"m_AlwaysRefresh":false,"showFog":true,"showSkybox":true,"showFlares":true,"showImageEffects":true,"showParticleSystems":true,"showVisualEffectGraphs":true,"m_FxEnabled":true},"in2DMode":false,"pivot":{"x":144.09568786621095,"y":-3.2453269958496095,"z":43.77789306640625},"rotation":{"x":-0.024247393012046815,"y":-0.9366081953048706,"z":0.34327930212020876,"w":-0.0661611407995224},"size":5.810178756713867,"orthographic":false}